Word,Usage
i've,54
just,273
received,2
the,1136
email,4
about,164
whether,3
gotten,5
job,12
as,72
commissioner,21
well,111
from,81
look,87
on,250
my,327
face,12
i'm,354
sure,51
you,1208
can,133
guess,24
what,333
it,476
says,10
no,229
we,310
have,236
idea,15
at,136
all,215
tell,54
us,78
monster,4
really,74
one,131
noticed,5
slight,1
tension,1
in,355
labial,1
commissure,1
,1158
lips,3
smiling,4
wait,44
you're,168
we're,84
allowed,2
to,868
say,65
labia,3
again,25
got,109
i,1234
ohh,2
raymond,11
holt,45
gotta,14
stop,36
right,171
now,105
hitchcock,29
need,59
celebrate,2
ooh,22
music,5
oohohh,1
brought,11
a,849
jock,2
jams,1
cd,2
for,258
wedding,3
oh,251
didn't,72
talk,41
that,435
was,294
gonna,120
be,157
surprise,1
our,64
first,37
dance,9
tootsee,1
roll,4
and,574
get,137
do,170
know,172
nobody,8
move,15
go,118
want,104
thank,48
an,80
incredible,4
moment,17
but,249
worth,3
because,89
finally,11
read,8
ten,7
words,4
longed,1
hear:,1
are,216
not,257
oops,2
misread,2
see,59
so,311
will,47
new,33
♪,38
y'all,3
ready,6
this,360
jam,1
whoo,4
why,97
is,466
else,12
dancing,4
did,132
miss,16
something,48
feels,9
like,144
missed,3
i'll,46
keep,29
going,69
until,8
someone,25
tells,4
me,289
jake,85
captain,56
taking,13
another,22
personal,6
day,24
his,103
absence,1
running,10
things,23
around,21
here,149
that's,137
true,21
charge,1
mm,8
it's,266
more,61
of,428
westeros,1
freeforall,1
okay,153
who,87
bend,2
knee,1
nobody's,1
bending,1
anything,36
let's,43
started,12
sarge,24
he,196
never,72
work,39
he'll,7
soon,9
two,48
paid,5
stacks,3
whoa,16
where's,3
cash,12
brilliant,2
wife,8
found,19
crazy,25
loophole,1
called,20
insurance,2
very,40
common,2
renter's,1
god,44
too,61
yes,78
wizard,1
point,15
getting,22
refunded,1
full,13
superdeluxe,1
fivestar,1
megaballer,1
honeymoon,8
berkshires,1
anymore,11
screw,3
crap,8
hole,6
dump,3
anyone,13
goes,5
there,119
garbage,4
take,53
sharon,1
romantic,2
weekend,1
congratulations,2
ya,13
poor,6
am,41
sorry,78
money,19
changes,2
resort,2
posadita,1
bonita,1
mexico,3
great,53
food,7
beaches,2
when,49
saw,15
ay,3
caramba,3
fit,2
don't,206
think,97
isn't,17
place,24
gina,66
always,35
talking,21
she,92
gets,9
referral,1
rewards,1
points,3
checkout,1
super,12
intimate,2
fancy,1
there's,54
only,45
rule,4
abc,1
coconuting,2
times,9
either,7
drinking,3
eating,5
or,55
wearing,10
coconut,4
_,20
amazing,10
had,78
sex,10
outside,4
united,2
states,2
thinking,18
weirdly,3
same,20
thing,48
welcome,4
paradise,1
margarita,1
would,66
love,41
any,39
way,51
could,58
put,32
pleasure,4
sir,42
requested,1
ridiculous,6
he's,71
doing,33
quick,4
stupid,8
stuff,12
ask,14
grapes,5
panicked,1
couldn't,17
perfect,13
excuse,8
some,46
away,30
your,254
drinks,3
lovers',1
toolbox,1
mr,19
boyle,17
ah,18
much,47
open,14
cheese,5
even,56
lounge,1
peralta,14
hell,26
phone,15
dis,1
can't,75
person,26
charles,27
coworker,5
hey,77
out,149
mom,32
left,15
dad,13
they're,36
divorced,1
eh,5
they,91
good,84
run,4
fun,25
fact:,1
average,1
american,1
marriage,1
lasts,1
fewer,1
than,26
days,9
doesn't,25
commentary,2
daddy,18
lynn,1
inconsolable,1
over,38
boyles,4
becomes,1
part,14
lives,4
within,2
eats,1
them,63
back,76
together,10
pass,6
with,174
without,12
help,27
bluff,1
has,44
answer,7
problem,13
since,17
came,21
top,13
dog,11
terry,34
smart,6
been,49
solving,2
problems,2
long,21
meth,2
case,46
working,19
last,26
months,6
department,2
sanitation,4
police,13
poach,1
drugs,4
were,82
dumpster,2
saying,26
garbagerelated,1
easy,6
off,42
solved,5
yeah,145
threatened,1
make,63
formal,1
complaint,1
mayor,8
then,74
let,32
those,38
dummies,1
blow,4
partner,6
up,129
woofwoof,2
nope,8
headquarters,1
won't,14
allow,2
due,4
budgetary,1
reasons,4
writing,4
instruction,1
manual,5
replacement,1
named,9
maybe,23
necessary,3
decision,9
does,21
rejection,1
sadness,2
enveloped,1
kept,3
expecting,1
dark,3
feeling,10
worse,8
stinks,1
grade,1
passed,3
line,8
leader,2
still,51
pissed,2
kyle,2
d's,2
lines,2
curves,1
gaps,1
cutting,2
galore,1
frickin',1
carnival,1
what's,42
john,10
kelly,24
already,17
released,2
memo,1
detailing,1
vigilant,5
policing,5
initiative,4
essentially,1
return,5
frisk,1
choosing,4
him,124
betrayal,1
everything,34
stand,7
feel,33
d,2
tried,8
suck,4
uniform,3
car,19
next,13
knew,12
plane,2
pack,1
bag,16
bought,4
bundle,1
novelty,1
shirts,3
nearby,2
gift,4
shop,1
instead,1
bitches,1
humor,2
hate,9
joke,1
suits,1
mmkay,2
how,106
end,14
exact,6
tiny,5
gina's,7
years,12
you'd,6
fine,25
lot,24
people,52
their,18
boss,8
thought,39
if,113
said,54
loud,2
normalize,1
weird,9
staying,2
head,8
worry,15
steer,1
clear,7
listening,13
sea,5
bass,2
cold,10
cruel,3
hands,4
fate,1
thrust,1
entire,15
life,46
into,39
darkness,1
damn,20
ordered,5
ahh,2
babe,7
nice,19
hot,12
stones,2
butts,3
reason,10
mine,7
butt,8
falling,3
tense,1
being,27
ruining,2
hasn't,5
bad,37
float,1
push,2
everyone,32
stay,9
safe,4
santiago,9
room,28
patio,1
door,6
pushed,4
through,25
hedge,1
screams,2
loser,2
kind,20
middle,4
gettin',1
massages,1
thoughtless,1
down,36
hello,16
question,11
figure,6
went,14
wrong,22
between,8
parents,8
having,11
conversation,4
happened,27
brainstorm,1
clingy,1
masculine,1
play,13
game,16
while,10
little,30
journey,2
overshares,1
indecisive,2
crying,4
made,27
inside,12
temple,1
wears,2
kimono,1
became,1
hawk,1
talons,1
secret,3
clinically,1
loose,6
pelvis,2
break,7
heard,18
you've,22
none,5
business,7
sticking,1
nose,3
where,38
belong,3
mean,50
should,47
leave,26
crush,3
crushed,1
kill,3
multitude,1
bunch,11
activities,5
planned,1
include,2
it'll,3
cheer,1
aren't,5
most,13
geared,1
towards,2
couples,1
name,28
couples',1
activity,1
wouldn't,10
sensual,2
tasting:,1
art,1
feeding,1
lover,2
mud,2
revitalizes,1
skin,2
masks,1
shame,4
loving,3
mmm,3
actually,34
quite,2
pleasant,2
invited,5
join,2
today,15
skeptical,1
sitting,6
by,41
pool,6
contentedly,1
watching,3
bee,3
struggle,1
avoid,1
drowning,2
myself,11
man,62
hope,10
survived,3
afford,1
lose,5
bees,1
glad,7
frivolous,1
helped,6
remember,14
nypd,13
wow,24
hear,17
better,32
may,4
heading,2
home,17
unless,4
third,8
tonight's,2
pottery,1
calls,3
drug,3
nothing,34
deciding,3
issue,2
looking,13
holt's,7
please,22
diaz,9
knows,10
computer,8
password,3
own,15
proud,8
passwords,2
probably,16
try,17
baldbychoice,1
pecman,1
macklemoreenthusiast,1
terry's,5
update,2
keychain,1
start,11
simple,2
kevin,11
capital,1
k,2
locked,5
many,22
failed,3
attempts,1
guessed,4
once,5
delete,1
hard,20
drive,5
fix,5
fixed,1
leaving,9
plan,14
worked,12
saved,7
bonus,1
cheered,2
time,84
means,17
b,1
needs,8
c,7
her,70
arms,2
bleep,5
reaction,1
couple,7
coconuts,2
haven't,17
seen,12
happy,8
picked,2
durrells,1
corfu,1
fourth,5
season,2
reached,1
best,33
every,27
vacation:,1
reviewing,1
charges,9
interrupt,3
flight,2
ninenine,25
won't;,1
confused,3
amy,33
quitting,7
satisfying,1
result,1
hoping,4
occur,1
hold,10
second,12
weeks,6
you'll,7
come,55
jordanstyle,1
badge,1
number,9
permanently,1
putting,2
resignation,3
hurry,1
airport,2
six,5
hours,4
ahead,6
grab,2
keys,5
quit,7
candles,1
rose,1
petals,1
wuhoh,1
mcclane,1
'cause,22
someone's,4
die,13
harrr,1
dressed,2
bonnie,1
bedelia,1
sexy,4
boy,7
force,2
convince,1
obviously,12
important,5
teaching,3
importance,1
tie,6
workplace,4
keeping,5
physically,1
restrain,1
charles's,1
box,4
nightmares,1
used,7
literally,7
looks,15
find,44
though,14
chance,9
info,3
cloud,4
backed,1
rebuild,1
rascal,2
log,1
onto,1
click,1
forgot,3
security,6
questions,8
up:,1
real,26
housewives,1
night,19
below,2
deck,1
she's,33
suspicious,6
scully,24
act,5
natural,1
earpiece,1
normal,8
trying,30
unlock,1
using,9
mask,2
give,37
boom,3
unlocked,1
breaking,3
scrolling,2
idiot,9
sent,11
text,5
divorce,2
interpretation,1
interpret,1
correctly,2
whole,19
hair,16
exactly,17
contact,6
onset,1
stylist,1
paul,1
abascal,1
wig,1
cool,45
here's,9
holly,3
gennaro,3
hotter,1
squad,7
handles,1
disbands,1
whatever,8
suggesting,1
focused,2
fragile,2
gentle,2
follow,7
lead,6
view,1
outfit,1
driving,2
insane,12
tying,2
spread,2
eagle,1
bed,2
apology,2
accepted,2
upset,4
become,9
kelly's,9
old,26
office,18
forever,8
replaced,1
mediocre,1
white,1
ever,21
change,19
goals,1
accomplish,1
accomplished,3
set,12
wanted,39
reduce,2
crime,9
brooklyn,3
seems,7
bit,7
stretch,1
improving,1
community,2
relations,1
done,10
loves,6
embarrassing,3
ame,1
step,6
aside;,1
halloween,1
heist,1
win,9
house,6
coming,18
bumper,2
table,5
cop,11
learned,6
selfish,4
speech,5
gave,17
unbelievably,1
mad,9
amy's,2
worried,6
noise,3
dare,3
call,37
wasted,3
care,12
wallowed,1
misery,2
baby,7
harsh,1
hoot,14
five,9
mentor,2
friend,21
hoots,4
after,22
acted,1
decide,4
hootless,1
piña,1
coladas,1
might,18
festive,1
superdepressing,1
filled,2
merlot,1
depressed,1
relieved,1
week,4
escaped,2
lube,1
everywhere,3
shirt,5
aggressive,1
confusing,2
pineapple,2
slut,10
calling,5
clearly,11
huh,10
gives,4
owl,1
cage,1
honey,1
accept,3
least,5
ruined,6
interrupted,1
hardthemed,1
sexcapades,1
list,4
everything;,1
played,5
nypd's,2
rules,4
waves,1
rise,1
position,3
meaningful,1
hired,3
realized,5
options,2
tied,1
legs,1
akimbo,1
realize,5
catching,1
directly,1
proposal,1
regressive,2
counterproductive,1
implements,1
big,26
stink,2
press,5
threatening,1
that'll,1
piss,1
listen,11
pay,4
extend,1
proper,1
curiosity,1
asking,6
cost,2
hide,3
easier,1
terrible,10
cheating,1
told,32
hurt,6
disgusting,4
protect,4
sweet,15
uhdoi,1
how's,1
reading,3
book,6
religion,1
apparently,7
debate,1
use,10
italics,1
lest,1
conman,1
clown,1
applies,1
under,16
unsure,1
situation,12
consult,1
sergeant,6
jeffords,5
trust,8
completely,7
kick,3
primary,1
hq,1
supplemental,1
budget,4
mmhmm,8
melvil,1
dewey,3
indeed,3
invented,2
decimal,2
system,12
dome,1
awesome,7
save,6
terrorists,1
taken,3
nakatomi,1
plaza,1
file,5
library,3
card,5
catalog,1
track,6
clothes,8
jacket,2
magical,1
believe,20
refuse,1
coffee,9
insulator,1
brag,2
turtle,1
sounds,10
bragging,3
looked,3
how'd,3
voiced,1
concerns,1
review,3
retaliate,1
closed,4
bottom,3
floor,8
renovations,1
indefinitely,1
everyone's,2
moved,3
bullpen,2
prepare,5
yourselves,1
war,1
snow,1
handle,10
marissa,4
guests,1
drink,9
social,1
tea,1
party,14
fiveyearold,1
girls,1
gentlemen,3
patience,1
pure,1
catholic,1
schoolgirl,1
bring,18
guns,1
arrest,6
man's,2
gone,9
where'd,5
kindly,1
lady,2
gio,4
costa,7
mind,14
subtitle,2
sync,2
corrections,3
heart,8
explode,1
loading,1
pain,1
ass,4
kitchen,5
desks,4
punish,1
complained,1
ends,3
shoulders,1
weren't,7
built,1
tight,2
spaces,1
bonk,1
city,9
morning,10
twice,2
rosa,44
close,11
child,1
happening,7
genevieve,2
pregnant,1
meherr,2
longer,8
whoooo,2
correct,3
testes,1
sperm,1
adopting,1
latvia,1
met,8
dragomir,6
resemblance,1
matisyahu,1
wrote,4
greatest,3
fear,2
puberty,1
adopt,2
guy,44
scamming,2
wants,12
cannot,2
yelling,2
nancy,1
psychologist,1
internal,3
affairs,3
interested,2
drum,1
scandal,1
detectives,10
process,3
such,9
relief,2
safer,1
lord,3
interfere,1
ia's,1
investigation,4
manipulate,2
facts,2
portal,1
bizarre,1
these,36
magnificent,1
dodos,1
young,9
barack,1
obama,1
uh,21
sort,4
crammed,1
uniformed,1
officers,3
causing,2
tactfully,1
turned,9
cesspool,1
nastied,1
bathroom,9
elevator,3
smell,6
hundred,1
tact,1
unfair,2
responsible,2
downstairs,8
offensive,1
twisted,2
friends,12
upstairs,7
compliment,2
wasn't,23
'tude,1
classic,3
prejudiced,1
against,8
chain,2
linetti,6
spaghetti,3
confetti,2
faster,2
ginalinettispaghetticonfetti,1
sounded,2
gibberish,2
forth,1
helping,5
televised,1
interview,7
yet,7
weigh,1
decided,5
objections,1
straight,8
jargon,1
worldrenowned,1
linguistic,1
pretty,20
ellen,2
musk,3
elon,1
winner,1
angrier,1
miserable,1
crowding,1
treating,1
untidiness,1
milord,2
enough,11
internecine,1
battles,1
minor,2
inconveniences,1
fight,6
injustice,1
understood,4
scene,8
gun,6
crushing,1
beastie,1
boys,3
issued,1
license,1
ill,1
year,10
felt,10
boy's,1
organized,1
took,10
mafia,2
cocaine,4
studs,4
i'ma,1
meow,2
honestly,7
offense,3
guys,66
body,15
shaming,1
personalityshaming,1
alert,1
jobdoing,1
ci,3
sting,1
recovered,2
ton,3
coke,1
three,27
duffel,2
bags,5
clearcut,1
ia,5
reopen,3
freaky,1
friday,1
traded,1
places,2
horny,3
singles,1
area,4
possible,5
ago,4
barely,4
ambulance,1
involved,3
minute,10
evidence,12
logs,1
count,2
mirror,2
behind,8
shows,3
shockingly,1
taut,1
bottoms,1
dumbdumbs,1
giant,1
calm,4
accusing,1
kinda,4
innocent,3
railroading,1
joining,2
witch,1
hunt,2
fake,2
news,3
sad,4
definitely,10
language,1
bangable,1
total,4
smoke,1
show,9
agreed,4
steal,7
mob,4
stormed,1
clubs,1
fish,6
boat,1
afterschool,1
letting,2
emotions,4
judgment,1
playing,4
criminal,7
masterminds,2
truth,6
difficult,2
dorks,1
alone,8
interrogation,1
way:,1
telling,7
funny,8
small,3
windowless,1
hour,5
lunch,7
ate,3
fourcheese,1
pizza,4
doublecheese,1
side,3
cheesy,1
fries,2
extra,6
slice,2
cheesecake,1
lactose,1
intolerant,1
dutch,1
oven,1
making,7
mess,8
microwave,5
heat,7
soup,1
uncovered,1
dish,1
splatter,3
sloppy,1
susans,1
banned,3
belongs,3
precinct,6
nahbanned,1
turns,3
property,1
detective,12
o'shea,1
visit,3
o'shea's,1
widow,2
dead,12
bigtime,3
anyway,14
sign,5
contract,1
exclusive,3
rights,1
bothered,1
awkward,1
rough,4
signed,2
breathe,2
york,2
challenge,1
bust,2
frigging,1
heroes,1
anybody,2
trash,5
flat,3
freak,4
bringing,5
badass,1
entrance,4
we'll,13
prove,7
financial,1
records,4
retirement,1
rent,1
son,11
destitute,1
winkable,1
ugh,19
credit,1
wing,6
slutz,3
healthy,1
eat,3
diet,1
option,2
marine,3
park,5
location,1
blue,2
parfait,1
wings,3
waitress,1
drumstick,1
bucket,3
monthly,1
parking,1
spot,5
parked,1
superexpensive,1
sports,1
sketchy,2
van,14
beaver,2
trap,2
short,2
wrongheaded,1
darkest,2
corpse,2
wash,2
shore,1
lifeless,1
pace,2
smile,2
energize,1
eyes,8
gesticulate,1
describing,4
behavior,3
must,8
camera,4
crew,2
remote,1
king's,1
before,41
lost,9
weight,1
movie,6
tricks,1
deal,13
sleep,5
during,3
divorces,1
van's,1
arocking,1
exwife's,1
alocking,1
catchy,1
hitchcock's,2
i'd,16
imagine,4
he'd,4
hiding,1
horrors,1
male,1
butter,1
gut,1
smoking,2
guilty,6
unlike,2
matter,10
voilà,1
smells,4
shouldn't,10
flourish,1
picture,4
logo,1
stain,1
empty,2
nuhuh,2
necessarily,1
trapped,5
beavers,2
budge,1
drop,7
outsmarted,1
tomatoes,1
tomato,2
random,2
jerk,3
suckle,1
teat,2
human,1
kindness,2
gross,6
hand,1
mannequin's,1
leg,1
warning,1
signs,2
nikolaj,2
asked,6
birth,1
certificate,1
sucker,2
creepy,2
entirely,2
beg,1
turn,19
themselves,3
headed,2
south,3
belt,1
parkway,1
check,11
exit,3
lyft,1
predator,1
loaner,1
respect,5
women,4
tv,2
friendly,1
villains,1
verizon,1
defected,1
sprint,2
angry,3
curious,1
often,1
captains,6
makes,17
unapproved,1
media,1
appearance,1
criticize,1
policies,1
prerogative,1
chuckle,1
frown,2
appropriate,1
response,1
ideas,2
ways,1
spice,1
threats,1
cheery,2
manner,1
which,27
chosen,2
deliver,2
snake,2
especially,4
backs,3
believed,3
wet,3
wipe,1
cuff,3
tired,2
ma'am,4
donna,2
manager,1
name's,2
costa's,1
informant,1
marissa's,1
screwed,4
witness,1
protection,2
periodically,1
spoke,4
meant,7
bet,8
nips,2
skid,2
mark,2
complicated,1
contain,1
multitudes,1
talked,8
we've,13
disrespectful,1
space,2
learn,3
thanks,19
truce,4
threw,3
viva,1
gowanus,1
batteries,1
disagreement,1
struggling,2
soul,2
squabbling,1
unimportant,2
course,9
overcrowding,1
affecting,1
morale,1
jeez,3
funky,1
uhoh,3
crowded,1
happens,5
cut,7
building,2
other,12
investigations,1
although,7
suggestion,1
hitler,1
sauce,7
moustache,1
investigating,5
legit,2
deep,3
voice,5
jail,6
manners,1
gigantic,1
sweethearts,1
noice,1
everybody,9
immediately,5
negative,3
possibly,1
four,8
gunmen,1
panic,2
knock,1
armed,3
men,5
bulletproof,1
vests,1
solid,2
bullets,2
rockhard,1
arteries,1
final,5
why'd,3
hi,6
swat,1
cleared,1
dining,1
copy,3
control,2
hit,14
tub,1
bullet,2
consequences,3
desk,17
duty,5
fast,9
able,5
however,2
they've,4
viewer,1
complaints,1
controversial,1
apologize,2
acting,6
mattered,1
except,4
pursuit,1
justice,3
seeing,4
danger,2
shortsighted,1
pray,1
pushing,2
expense,1
bickering,1
trusting,2
sometimes,6
digging,1
orphanage,1
confirmed,2
nikolaj's,1
halfbrother,1
slow,4
few,4
aww,2
drank,1
halfempty,1
lens,1
floating,1
begs,1
fall,7
apart,1
excited,4
pleas,1
gym,1
protein,1
fuel,1
bodies,2
heck,1
attention,1
longanticipated,1
reunion,3
ddc,4
dd,6
j,2
g,2
gas,1
dope,16
denim,2
tonight,9
dressing,1
aka,3
hella,1
fresh,2
graduated,2
lie,8
amusement,1
fib,1
population:,1
clooney,1
high,8
school,14
tattlegate,2
junior,2
riding,2
story,10
sophomore,1
look:,1
earring,3
copied,1
becoming,2
popular,1
kid,4
school:,1
brandon,11
bliss,8
name;,1
record,5
virginity,1
horrifying,4
ditch,1
class,4
buddies,1
drunk,1
parents',2
cabin,1
supposed,3
ratted,1
suspended,1
forward,10
tattler,20
nickname,4
scarlet,1
letter,1
senior,3
luckily,1
butthole,1
buttholekicking,1
eve,1
supersmart,1
changed,5
indictment,1
public,3
tina,1
mikey,1
mike,1
joseph,1
funk,2
bassist,1
legendary,1
ska,4
band,1
skalvester,1
skallone,1
song,6
thor,2
movies,2
seriously,6
legally,1
frontal,1
soundtrack,1
marvel,1
jake's,4
killing,3
irie,3
mon,2
stories,2
successfully,1
negotiating,1
hightension,1
hostage,1
bank,3
gosh,2
dress,1
gathered,1
radio,2
testing,2
emergency,1
broadcasting,1
contest,2
jamhouse,1
jc,1
horndog,5
fm,1
hosts,1
beyond,1
mystery,3
sound,14
callers,1
prize,1
shh,2
crinkle,6
object,2
impossible,2
potato,2
chips,3
corn,1
waste,4
wasting,4
absurd,3
productivity,1
humans,1
alicia,1
broke,6
london,1
distance,2
yourself,11
bi,2
dating,1
juice,1
early,3
stages,1
both,23
tagged,1
photos,4
online,3
each,13
yikes,1
'gram,1
brunch,2
promote,1
handmade,1
jewelry,1
homemade,2
focus,3
annoyed,1
choose,3
trouble,4
decisions,5
daughter,2
stumped,1
genetically,1
beings,1
chose,1
worst,3
developed,1
foolproof,1
choices,2
wear,9
different,7
yesterday,3
misidentified,1
eric,1
initial,1
design,1
tall,1
flashy,1
codes,1
bureaucracy,1
freedom,1
tower,2
agree,5
cares,2
adults,3
coffin,2
factory,2
tattled,2
jobs,1
coffins,1
tattle,5
whatevs,2
inaccurate,1
anyways,6
totally,10
remembers,2
somehow,1
darren,1
doo,3
donaldson,1
crapped,1
himself,4
pe,1
lived,1
doofree,1
history,3
tattlers,1
martin,1
luther,1
king,2
racists,1
undercutting,1
accomplishments,1
bothers,2
wrongfully,2
accused,2
jason,1
anywhere,2
cops,13
innocence,1
grow,3
past,6
therapy,2
lesson,4
late,6
scam,1
khh,1
also,22
tin,2
piece,5
sandwich,2
buying,2
sandwiches,1
paper,2
beans,1
crinklycrunkly,1
yogurt,5
suddenly,2
waiting,2
steve,7
'lications',1
'apps',1
laura,1
quentin,6
chase,1
silicon,1
valley,1
investor,1
basically,2
apps,1
lications,1
bungled,1
currently,4
app,6
toddler,1
tinder,2
toddlers,2
spell,1
unfortunately,2
vip,3
section,2
fatboy,1
slim,1
concert,1
brother,11
timeless,1
ames,6
football,5
team,11
information,3
spare,1
details,1
period,5
seemed,2
allstar,1
glitters,1
gold,6
color,1
world,5
less,5
jnco,1
jeans,3
purple,1
solve,10
player,3
schedule,1
coolest,1
coulda,1
lock,1
amped,1
admin,1
decisionmaking,1
sections,1
prefer,2
brains,2
romance,1
names,8
initials,1
couscous,4
quinoa,4
laugh,3
softer,1
cirque,1
du,1
soleil's,1
town,4
seats,1
reward,1
punishment,2
question:,1
ghost,3
afterlife,1
casper,1
whose,3
rather,3
haunt,2
brandon's,2
profile,1
peek,1
attendance,1
zero,4
absences,1
mama,3
printing,1
later,3
pants,8
semester,1
scott,1
alford,1
taylor,1
black,4
tom,2
brady,2
theater,2
mvp,1
year's,1
production,1
fiddler,1
hm,1
danny,5
matthews,4
bastard,6
service,1
likey,1
catch,7
opposite,1
buy,5
company,4
pitch,1
drooling,1
mother,10
quality,1
playdates,1
twoyearolds,1
boring,8
lame,2
duds,2
daughter's,1
todddddler's,1
proprietary,1
algorithm,1
matched,1
tots,1
they'll,2
belong:,1
family,10
pretend,3
heirs,1
cannedgoods,1
fortune,1
forget,3
rich,5
science,2
lab,2
minutes,2
above,2
feminine,2
wiles,1
mister,1
caller,2
figured,3
damp,1
rice,2
would've,4
brenda,2
yonkers,2
shoutout,1
nurses,2
pediatric,1
money'll,1
kids,4
cry,6
river,1
cuts,1
styrofoam,2
dumb,7
nurse,4
opened,2
bbbblew,1
tabulated,1
responses,1
results,2
definitive,1
method,2
ancient,1
suspending,1
feet,6
forces,1
blood,16
center,1
brain,1
upsidedown,1
coward,1
hang,4
ceiling,2
bat,2
nature's,1
decisive,1
animal,2
creature,1
flails,1
frantically,1
microdecisions,1
strapped,1
nauseous,1
q,1
serious,3
funding,1
oof,1
fan,1
bidding,2
wars,2
offer,2
babies,2
boardroom,1
numbers,1
lying,8
stops,1
kid's,1
project,2
krebs,1
cycle,1
false,2
false:,1
checked,4
oxygen,1
red,4
principal,2
sold,1
liar,2
strategy,1
yep,4
almost,4
finish,3
matters,2
vamping,1
molecules,1
excellent,3
friendship,2
hanging,3
shooting,2
beer,1
commercial,2
plot,1
parole,1
state,2
delaware,2
bummer,2
starting,8
caught,7
origin,2
dude,5
peter,1
parker,1
spider,2
bite,1
explain,2
weak,1
blew,2
sucked,4
expression,1
should've,3
earned,2
dragging,1
pointless,1
enjoy,3
productive,1
tomorrow,3
sharon's,1
asleep,1
deserve,3
supportive,2
along,3
lacks,1
perfection,2
utter,1
belief,1
fiercely,1
loyal,1
countless,1
resources,1
favor,4
invest,1
tech,1
mogul,1
speaking,2
ride,1
appear,1
closer,1
jumping,3
jump,3
goodness,6
'em,9
group,4
peace,2
roleplay,1
ended,2
delay,3
universe,1
choice,2
equal,1
throw,10
dramatic,3
reveal,3
there'll,1
costumes,1
report,3
jane,1
eyre,1
oy,1
imagining,1
pursue,3
raise,1
create,2
murder,5
front,7
rude,1
batman's,1
radioactive,1
comic,1
books,1
talents,2
um,3
firing,1
vice,2
meeting,10
workload,1
neither,5
sense,5
sheila,1
executed,2
grand,1
handing,1
weeks',1
notice,1
understand,11
convinced,4
chapter,2
fly,10
angel,4
parting,2
printed,1
opinion,3
hoodies,1
large,2
stitched,1
spellings,1
arnie,1
signature,4
shocking,2
rest,6
interpretive,1
entitled,1
linexit,1
performed,2
movements,1
expressing,1
aspect,1
personality,1
movement,2
warmup,1
craptain,1
curb,1
stomped,1
chess,8
weekly,1
match,5
hospital,3
test,4
positive,1
stage,3
dumbass,3
far,4
struggles,1
defeat,1
luck,2
rooting,1
losers,2
bitch,7
confident,4
pieces,2
simply,2
rebranded,1
queen,4
rihanna,1
beyoncé,1
willing,2
considered,2
ramifications,1
board,4
confusion,1
parallels,1
wood,1
placemat,1
seemingly,1
insignificant,1
reckless,2
greats,1
order,5
successful,1
checkmate,5
overusing,1
switch,1
note,4
dick,1
landed,2
rerack,1
mkay,1
whites,1
racist,1
complicit,1
moving,5
form,2
cryptocurrency,1
ginacoin,1
millions,3
write,1
novel,1
discover,1
type,1
melon,1
dreams,2
unattainable,1
gainfully,1
employed,1
rush,2
stability,2
paycheck,2
wanna,7
risk,1
quote:,2
bird,7
nest,2
quote,1
leaves,1
plummets,1
its,2
death,8
concrete,1
afterwards,1
crystal,1
pocket,2
bus,2
sit,1
crystals,1
sick,8
healthcare,2
expensive,1
victory,1
moves,5
punctuate,1
barf,4
rack,1
talented,1
interesting,5
mapped,1
academy,2
lieutenant,6
nailed,2
reconsider,1
slowly,1
seem,4
effect,1
laid,1
plans,2
closing,3
thoughts,6
chaos,1
success,2
arbitrary,1
confidence,2
illegal,2
reinvented,1
supporting,2
overall,1
career,5
assign,1
won,3
argument,1
birdie,1
coop,1
remembrance,1
cacaw,3
rosa's,4
silently,1
yewzh,1
ladies,4
wish,9
special,4
emotional,1
bored,2
poster,1
older,2
asian,1
opening,1
savings,1
account,1
grandson,1
happen,8
teach,1
detached,1
decent,1
huge,7
toast,1
bye,2
present,1
tweets,1
witty,1
uncomfortable,1
burn,3
cleanse,1
childish,1
sentimentality,1
burning,3
bum,2
barrel,13
barrel:,1
somebody,5
flawless,1
ugly,1
dip,1
feelings,1
inadvertent,1
steps,4
unhug,2
ellis,2
island,3
secure,1
venue,2
ginarama,3
invitation,1
geenarama,1
gynarama,2
they'd,1
tampa,1
warm,2
weather,1
event,2
stuffy,1
shaw's,7
splashy,3
absolutely,3
terrence,2
water,4
splash,4
keeps,1
alive,6
devil,3
stick,3
performance,1
brandnew,1
routine,1
steamy,2
steam,1
add,1
fire,11
reminds,4
secured,1
celebrity,4
guest,5
shot,10
video,1
rat,3
vape,1
pen,2
ball,3
tumors,1
vibe,2
buddy,3
works,3
private,2
tons,3
who's,11
fantastic,3
leroy,1
pipe,1
bail,3
gotcha,1
bayside,1
high's,1
wrestler:,1
ac,7
slater,6
mario,3
lopez,3
cooler,1
meet,7
manhattan,2
club,8
walk,12
gines,1
illuminati,1
lizards,1
bingo,1
transform,1
ourselves,1
uber,1
wealthy,1
practicing,2
land,1
monsters,1
unleash,1
beast,1
afternoon,3
familiar,3
faces,1
unemployment,1
member,4
amex,1
carry,1
wallet,3
name:,1
pamplemouse,1
la,2
croix,2
ms,7
daddy'll,1
ho,6
speak,7
gladly,1
fired,7
everything's,1
bathrooms,1
peed,2
biggest,2
fans,3
celebrities,1
despise,1
entertainment,1
removed,2
general,3
society,4
whilst,3
stars,1
animals,2
competition,2
monkeys,3
malaria,2
malnourished,1
guards,5
distraction,2
chasing,1
sneak,2
rubbing,2
heads,1
ow,10
homey,1
beating,2
held,2
wept,1
basic,1
pulled,2
hungry,1
monkey,1
iconic,1
character,3
preppy,1
venue's,1
capacity,2
depended,1
begged,1
begging,2
shade,1
sor,1
pigs,1
blanket,1
goodbye,4
sticks,1
eye,2
bud,1
plus,2
raining,1
comes,5
giving,5
'sup,1
nah,3
toasts,1
tearful,1
goodbyes,1
cleaning,1
closest,2
tongue,1
dough,1
starter,1
logic,1
cleaned,1
busy,2
beautiful,5
gm,1
plant,1
orchids,1
wraps,5
wonder,1
hire,2
assistant,11
permanent,3
rebound,1
filing,2
dividers,1
pile,3
papers,1
hah,1
sageing,1
energy,1
one's,3
paying,1
vibes,1
free,5
luxury,1
scared,8
tarebear,1
hop,1
page,2
she'll,2
succeed,1
tries,1
fault,2
contribute,1
support,5
statue,2
texting,3
nervous,1
doubt,3
yours,4
psych,1
f,1
known,2
seven,2
jk,1
international,1
month,2
austria,1
fridge,1
austrian,1
stalling,1
shipping,1
golden,5
combed,1
conditioning,2
treatment,1
cheap,1
sausage,1
fingers,1
applause,1
neil,5
bunked,1
sleepaway,1
camp,3
pick,2
milk,2
carton,1
cheeks,1
bill,2
cosby,1
relax,3
doug,36
judy,31
cars,8
plugging,1
obd,1
port,1
reprogramming,1
immobilizer,1
module,1
judy's,8
mo,3
returned,1
diamonds,1
eventually,2
giggle,1
pig,3
streets,2
adventures,1
cruise,3
dude's,1
bruce,5
banner,1
hulk,1
changing,1
touch,2
thinks,5
mangy,3
carl,5
famous,1
architect,2
designing,1
lebron,2
james',1
astronauts,1
mrs,4
nasa,1
died,4
tragic,1
accidents,1
grandparents,1
hodor,1
trudy,15
doug's,2
sister,12
aunt,2
patrice,1
loved,3
afraid,4
architecture,1
firm,4
rescued,1
penny,1
selling,3
teeth,3
fell,2
mouth,4
rotten,1
backalley,1
implants,1
plumper,1
rump,1
doctor,3
mulch,2
infected,1
suppose,3
sing,3
prepared,2
inspiring,1
mulchbutt,1
honor,3
dear,1
shift,2
cheers,2
firefighters,4
fdny,1
bar,13
needed,5
o'brien's,1
burned,2
arsonists,1
surprised,2
stairs,2
sliding,2
poles,2
dangerous,5
tripped,1
pole,2
neck,3
horrible,3
firefighter,1
decor,1
oldtimey,1
pressure,5
gauges,1
autographed,1
photo,4
denis,1
leary,1
rescue,1
key,2
audience,1
funeral,2
psychotic,1
arsonist,1
predictable,1
gravitas,1
listens,1
hovel,1
wine,1
serve,2
gap,1
charbonnay,3
ranting,1
philharmonic,1
adding,1
piccolo,1
muddle,1
beneath,3
bel,2
vino,2
selection,3
italian,2
reds,1
hank,3
rid,7
hose,1
humpers,1
sides,3
tragedy,2
experience,3
daily,1
basis,1
plenty,2
drinkoff,1
whoever,4
racks,1
tab,4
defectives,1
ninenine's,1
draft,1
embarrassed,1
singing,1
af,1
lay,1
smushing,1
beach,1
duet,1
tricked,1
hug,2
forgive,1
cheesesteak,1
hoagie,1
answers,1
stefano,10
lucas,3
dealer,1
word,8
disappear,1
favorite,5
ferrari,2
stolen,2
jacking,1
copycat,6
original,1
living,1
refuses,2
banner's,2
disguise,2
twins,1
matrix,1
aggravated,1
milli,1
vanilli,2
nilli,1
alibi,4
surprisingly,1
checks,3
saturday,2
deejaying,1
joshy,1
greenbaum's,1
mitzvah,3
wild,1
auntie,1
karen,2
deejay,1
mitzvahs,1
gig,1
likes,2
hiphop,1
stealing,5
thousand,3
pushups,3
exercise,1
earlier,3
switching,1
bonding,1
official,1
chill,2
playbook,1
barclays,4
sport,2
attracts,1
ultrawealthy,1
supernice,1
boxing,1
hunting,1
pit,2
fully,1
consumed,1
team's,1
tracked,2
alcohol,1
poisoning,1
disqualified,1
stomach,2
terrified,1
nine,1
perhaps,3
glass,1
sancerre,1
quince,1
paste,1
naughty,1
celebrations,1
yelled,2
ninetyninth,1
recognize,1
hardened,1
criminals,1
justin,2
friedman's,1
murderer,2
goldman,1
floss,1
flossing,1
fights,2
besides,1
promised,4
jsmooth,1
stopping,1
plainclothes,1
watch,9
lots,1
proves,1
standing,3
establish,1
promise,17
thief,1
herself,1
nursing,3
ratched,1
kathy,1
bates,1
jackie,1
pill,1
examples,2
fact,8
pattern's,1
booty,2
cutie,1
snooty,1
beauty,1
married,2
rhyme,1
overprotective,1
guarantee,2
bentley,2
power,2
amplifier,1
override,1
plugged,1
lowlifes,1
lowlife,2
gorgeous,2
charming,1
beloved,1
dougie,2
student,1
loans,1
notebooks,2
notes,6
memoir,2
title,2
pontiac,2
bandit,2
hated,2
swear,1
mistake,5
arresting,1
bigger,1
arrange,3
collar,1
da,2
reduced,3
sentence,2
handed,1
fence,2
fourdrink,1
retire,1
metoo,1
era,1
fires,1
throughout,1
mine's,1
bleak,1
dawn,1
weddings,1
funerals,1
dallas,6
orlando,1
bloom,2
meetup,1
paranoid,1
freaked,1
aw,6
judys,1
cover,3
boyfriend,4
fakedating,1
pervert,4
suspenders,10
flying,1
undercover,3
intense,1
deion,3
barn,1
shuts,1
lets,2
direction,1
age,2
difference,1
bouncer,1
bounce,1
mic,2
taped,1
chest,1
baseball,1
bases,1
pop,3
daddy's,1
caressing,1
caress,2
pecs,2
thumbs,2
spooked,1
ran,2
tone,2
playful,1
twinkle,1
gents,1
miracle,1
crampon,1
losing,1
ninedrink,1
speaks,1
french,3
hurl,2
hurled,1
vomited,1
threedrink,1
clappin,1
voicemails,1
sung,1
entirety,1
shake,1
whatcha,1
hung,1
hadn't,4
byebye,1
shaken,1
core,1
drinky,2
younger,1
flash,1
ew,1
something's,1
tracker,2
esu,1
surrounded,2
positions,2
signal,1
holding,8
hound,2
thrones,1
arya,1
stock,1
equilibrium,1
askew,1
vision,2
partially,1
impaired,1
slurring,1
turnt,1
bucks,1
charb,1
radiator,1
liquid,1
lungs,1
deserted,1
scu,1
foot,3
wind,1
prison,3
dudes,1
smush,1
adult,2
woman,7
judging,1
felony,1
internet,1
scams,1
identity,1
theft,1
latifah,1
lil',1
kim,1
believable,2
thieving,1
bomb,1
employee,1
wassup,1
oldfashioned,1
christmas,2
bro,1
gutted,1
awful,2
trick,2
hurts,2
tough,3
relationship,2
exciting,1
admit,2
unsatisfying,1
sweating,1
strong,1
assaulting,1
knife,4
several,2
edna,1
incredibles,1
stab,1
girlfriend,3
jocelyn's,2
hairstyles,1
cosmetology,1
passing,1
mamma,1
mia,1
bloody,2
pie,3
half,1
vacuum,2
smeared,1
across,3
apartment,12
robot,1
certified,1
vic,5
andrew,5
adams,7
investigative,1
reporter,1
chicken,2
farming,1
sharp,1
dopeness,2
officer,4
darrell,2
undoping,1
jen,1
mysterious,1
alarm,1
surveillance,4
cameras,3
officially,1
declare,1
walkthrough,1
arriving,2
summer,1
lake,1
bunk,1
mate,1
metaphors,1
approaches,1
doorway,1
delivery,4
enters,1
triple,6
digies,3
dinner,7
lettuce,2
meal,3
example,1
gon'st,1
sour,1
straws,1
terms,2
brim,1
scully's,1
hat,1
wave,1
sped,1
decomp,2
outta,1
franco,9
mccoy,2
csi,6
forensics,2
buttoned,1
leather,5
jackets,1
hoodie,1
star,3
humper,1
law,2
miami,1
hill,1
street,4
blues,1
wire,3
rizzoli,1
&,1
isles,1
air,3
flow,1
kinds,1
dust,2
particles,1
stays,1
odor,1
pro,1
tip:,1
plug,1
noses,1
nosters,1
abbreviate,1
nostrils,1
ignore,3
impressions,2
castoff,2
pattern,1
wall,3
suggests,2
upward,2
slices,2
wounds,1
vic's,4
killer,13
laptop,3
plain,1
sight,1
forced,3
entry,2
connote,4
robbery,2
vocabulary,1
sexual,6
intercourse,1
rockpaperscissors,1
reverse,1
psychology,1
loss,2
single,6
exsqueeze,1
victim's,5
consoling,1
fullon,2
betty,1
friend's,1
son's,4
husband,2
dealing,2
reminded,3
hallway,1
childhood,3
memories,2
given,3
normally,1
neighbors,2
coworkers,3
gothel,1
lanterns,1
birthday,4
tangled,1
watched,3
bros,1
learning,1
weave,1
extensions,1
meetin',1
other's,2
hers,1
segue,2
nights,2
alibis,1
interviews,2
motive,1
rip,1
forensic,1
taste,2
cookin',1
rot,1
floorboards,1
scent,1
simmer,1
responding,1
positively,1
labs,1
victim,4
coroner,1
puts,1
dna,4
matches,2
fingerprints,1
zilcharoni,1
databases,1
whatsoever,3
haircut,1
cousin,3
ignorant,1
kitty,1
cat,1
droplet,1
nestled,1
csi's,1
pucker,1
tested,1
individual,1
hells,1
perp,5
what're,1
edward,1
scissorhands,1
particularly,1
chipper,1
delivered,2
bled,1
lazy,2
lazier,1
we'd,2
snap,1
weed,1
sunday,1
murdered,4
promising,2
beetroot,1
zucchini,1
bloodstains,1
numb,2
horrific,1
affects,1
souls,1
relationships,1
build,1
others,2
stabbed,2
pounding,1
rate,2
stopped,2
dropped,1
sketch,1
artist,1
seth,12
myers,1
winona,1
ryder,1
bilbo,1
baggins,1
action,1
montez,2
dillman,2
mentioned,2
major,4
crimes,4
leads,3
overheard,1
mention,2
bobaggins,1
suspect,1
rookie,2
montana,1
dilbert,1
remembered,2
memorable,1
windows,1
doors,1
neighbor,1
drilled,1
bleed,1
climbed,1
sealed,1
construction,1
debris,1
microscopic,1
paint,1
fibers,1
patching,1
theory,1
veggie,2
beets,1
raw,1
demented,1
camouflaged,1
unlikely,1
harry,1
potter,1
invisibility,1
cloak,1
babadook,1
exist,1
looper,4
spatter,1
shape,1
dwayne,1
rock,1
johnson,1
pec,2
delt,2
samoan,1
tattoo,1
connection,1
types,1
tax,1
dollars,1
boxers,1
beat,4
luan,1
scene's,1
lunatic,2
ketchup,2
chat,1
scene:,1
stove,1
roger,1
spent,2
recreate,1
slept,1
relative,1
emotionless,1
sgt,1
bleeds,1
ice,1
rings,1
clean,3
idiots,2
lied,2
covered,4
postits,1
wake,1
footage,3
tampered,1
olive,1
freshman,1
allwomen's,1
college,1
offering,1
criticism,2
fair,2
cases,3
owe,3
exhausted,1
followed,1
hoped,2
contacted,1
labeled,1
spoken,1
could've,1
deserves,1
remaking,1
wives,1
sucks,5
tape's,1
emptied,1
conditioning's,1
vent,2
waited,2
discovered,2
snuck,3
sometime,1
crawling,1
recognized,1
hazmat,2
suit,2
skanga,1
algebra,1
ii,1
teacher,1
protractor,1
rated,1
tape,5
techs,2
booties,1
bodega,1
backfire,2
ruin,2
zoom,1
csbye,1
yeahow,1
client's,1
hid,1
emerged,1
spilled,2
stole,1
cleaner,1
messy,2
there'd,2
allowing,1
client,1
committed,1
farmer,1
sentencing,1
pleading,1
publish,1
exposé,1
largescale,2
poultry,1
farm,1
owner,1
bribing,2
fda,1
regulator,1
emotionally,2
nightmare,1
celebratory,1
jocelyn,2
awkwardness,1
america's,1
rosalita,1
cute,1
mija,1
brew,1
machine,3
temperature,1
cup,1
urblan,3
abbreviated,1
onesyllable,1
des,1
candidates,1
microsoft,1
skill,2
marcie,3
lux,3
orange,2
size,1
stack,1
résumés,1
crosscountry,1
skiing,1
valuable,1
environment,1
mix,1
spirit,1
commence,1
operation:,10
nasty,5
thomas,2
film,1
meanwhile,2
watches,1
documentaries,1
afternoon's,1
screening,1
ryuichi,1
sakamoto:,1
coda,1
crapola,1
candy,5
bars,1
daughters',1
doomed,2
basketball,2
junkyard,1
episode,1
hoarders,1
ones,1
cats,1
uniforms,3
survive,1
greg,2
james,2
michael,1
organize,2
embrace,1
bagel,1
stuck,2
sweater,1
hopeless,1
sticky,1
sizes,1
colors,1
markers,1
clickable,1
caps,1
slowing,1
blackout,1
cinch,1
introduce,2
drumroll,2
tempo,1
specified,1
reasonable,1
default,1
lento,1
gordon,17
lundt,7
tenor,1
introduction,1
ehh,1
assure,1
interest,1
renewed,1
résumé,2
begin,1
recently,1
philadelphia,4
sixth,1
populous,1
coterminous,1
county,1
eighthlargest,1
metropolitan,1
statistical,2
philly's,1
flirting,2
blind,1
prude,1
boot,1
windsor,2
easiest,1
knot,2
undo,1
bother,1
badly,3
interaction,1
lick,1
purr,1
slacks,2
posted,1
dogs,2
barkin',1
marie,2
kondo,1
unclutter,1
joy,9
backup,4
pair,2
endings,2
yoke,4
dried,1
mushrooms,1
provide,1
earthy,1
flavor,1
soups,1
teas,1
defeats,1
purpose,2
unsolved,1
items,1
pete's,1
sake,2
strutting,1
peacock,1
desperately,1
arouse,1
unwilling,1
peahen,1
barrelmaking,2
exhibit,2
museum,8
industry,1
references,1
pd,1
hussy,1
is:,1
spy,9
planted,4
rounding,1
oppose,2
seduce,2
sparrow,2
honeypot,3
world's,1
infiltrate,1
spies,2
midst,3
staff,2
threesix,1
gordon's,3
buzz,6
razor,1
lucky,1
poopers,1
daria,1
blah,2
launch,2
counterspying,1
mission,7
precincts,1
dragon,6
nemesis,4
acronym,2
acknowledge,1
communicating,1
unattended,1
glanced,1
satchel,1
evening,1
shower,1
cocktail,1
napkin,2
date,1
urologist,1
urethral,1
kondo's,1
stronger,1
norwegian,1
system:,1
munkensmat,13
designed,1
radical,1
scandinavian,1
organizers,3
cubbies,1
minds,1
possessions,1
greatgrandfather's,1
shoes,2
freeing,1
cling,2
experiences,1
hatchet,1
bluray,1
intern,2
extras,1
virtual,1
tour,1
jules's,1
pictures,2
clinging,2
seizure,1
medication,1
fidget,1
spinner,1
lit,1
sherry,1
barrels,5
museums,1
pander,1
tourists,1
price,1
protected,1
package,1
debasing,1
cared,1
yanya,2
cloning,1
distract,2
gander,2
master,1
hooper,3
josiah,2
wooldruff,4
craft,2
father,4
jesiah,2
slats,2
curved,1
base,1
inspected,1
usage,1
oak,1
cured,1
shaped,1
josiah's,2
joshua,2
cooper,2
brine,2
identical,1
selected,1
item,1
cleansing,1
discarded,1
belongings,2
incinerate,1
donate,1
goodwill,1
attached,1
raft,1
icy,1
flaming,1
arrow,1
archer,2
bows,1
reviewed,1
contents,1
hem,2
haw,2
whored,1
sneaking,2
smelled,1
showed,2
banished,2
discuss,2
truly,3
shocked,2
recruiting,1
fallen,1
weaken,1
defenses,1
brazen,2
sexuality,1
undetectable,1
obvious,1
wore,1
reads,1
dtf,1
desiring,1
thorough,1
fornication,1
ruse,1
surprising,2
erotically,1
charged,1
atmosphere,2
curve,2
rivets,1
bilge,1
bunghole,3
erotic,1
functional,1
continue,2
dirty,5
tendering,1
honorable,1
agent,2
double,3
games,1
frontfire,1
proof,2
communicate,1
admitting,1
spying,1
submit,1
quarterly,2
magazine,1
organizing,1
featured,2
organizer,1
scarves,2
drawers,1
skirt,1
files,1
sensitive,2
blur,1
grandpa,1
ellen's,1
bitty,1
shoe,1
store,1
lieutenant's,3
exam,4
honest,1
deadline's,1
afar,1
carmine,2
frunch,1
emphysema,1
pet,1
persona,1
jackson,1
fox,1
nba,1
lure,1
plotting,1
entrap,1
triplecrossing,1
vehicle,3
blowing,1
pull,2
chair,1
masking,1
evil,1
cane,1
canes,2
based,1
disguises,2
et,1
cetera,1
professional,7
recorded,1
indicates,1
spied,1
expected,2
rallied,1
bug,1
debacle,1
operation,1
flipped,3
films,1
twist,1
triplecross,1
doublecross,1
microphone,1
holder,1
flowerpot,1
mustard,1
mics,2
tips,1
nowhere,1
demands,2
complete,1
righteous,1
individuals,1
performing,1
enforcement,1
directives,1
rapidly,1
junk,1
study,1
materials,1
ace,1
fished,1
goo,1
niles,1
bunkampf,1
inventor,1
guy's,1
objects,2
including,1
froze,1
snowdrift,1
treasures,1
eight,1
framed,2
flames,2
condition,1
reach,2
refreshed,1
wink,1
dads,1
smashin',1
importantly,1
fighter,3
jet,3
thankyou,1
rain,1
approve,1
methodist,1
investment,1
banker,1
admitted,1
broken,9
penis,8
finance,3
dong,3
methinks,1
wolf,1
style,1
shenanagoogles,1
wager,1
dipped,1
croquet,1
sat,1
naked,1
pee,1
window,1
struck,3
goose,2
wang,1
female,2
claims,1
attempted,1
sexually,2
assault,7
groan,1
guessing,2
subject,1
cucks,1
paperwork,1
parties,1
phrase,1
dream,3
shall,1
upbeat,1
haggerty,6
seat,1
comfortable,2
frequently,1
penile,1
clot,1
events,2
led,1
diaper,1
keri,7
pointers,1
trades,1
lever,1
vtc,1
fat,1
tail,1
vol's,1
wicked,1
low,1
chump,1
snowboarding,1
golf,2
brennan,6
claiming,1
attacked,2
selfdefense,1
assaulted,3
chuckles,1
usually,2
advocate,1
kathryn,1
bigelow,1
direct,2
unevenly,1
gradually,1
bellows,1
knocks,1
ernest,6
zumowski,6
hunted,1
bloodlust,1
all:,4
disco,11
strangler,10
yoyo,10
transport,1
accident,2
burst,1
laughing,1
horribly,1
cell,2
punk,2
tout,1
capabilities,1
citizens,1
escape,2
underestimating,1
yoyos,2
throats,3
both:,6
necks,2
lace,1
describe,1
arbitrage,1
assuming,1
quarter,1
ducktales,3
coin,2
scrooge,2
mcd,1
jeopardize,1
violent,1
crossed,1
grabbed,1
cookie,1
regret,2
whacks,1
testicles,1
bert,1
ernie,1
conclusion:,1
burns,1
zumowski's,1
consistent,1
massive,1
serial,1
stayed,1
poison,2
dental,1
shrank,1
string,11
taunting,1
opens,1
discussed,1
nda,2
slide,1
scotfree,1
woooo,1
convict,1
system's,1
seth's,5
analogy,1
asses,1
keri's,2
statement,2
million,1
yell,1
sexist,1
creeps,1
fruit,2
seller,1
corner,1
creep,2
gentleman,1
cantaloupes,1
opportunity,1
comment,1
sniffles,1
genuinely,1
sadder,1
amount,1
hush,3
amen,1
offered,1
assaulter,1
physical,1
takes,1
feminist,3
realist,1
scenario,1
trial,1
drag,2
wins,1
loses,1
active,1
chiming,1
inspires,1
predators,1
affected,1
pursuing,1
consider,1
helicopters,2
comb,2
discoman,1
danced,1
lingo,1
thread,1
relive,2
glory,2
keepsakes,1
remind,1
strangler's,1
seduced,4
accomplice,1
fiendish,1
driver,3
thrown,1
violently,1
injured,1
raspy,1
breathing,1
tube,1
bs,1
drove,1
multiple,1
occasions,1
cadaver,1
sprinkled,1
card:,1
lanyard,1
inmates,1
risks,1
succumbed,1
groovy,2
voodoo,2
vr,1
hall,1
butlers,1
assist,1
occurred,1
offices,1
tempted,1
platter,1
quiches,3
sighs,2
patterned,1
behaviors,1
muffled,1
swallow,1
extremely,4
prostitute,1
minimum,1
requirement,1
beefer's,5
birthday's,1
mets,1
escort,1
inappropriate,1
beefer,8
puked,1
koi,1
pond,1
beefed,1
deputy,1
counsel,1
assume,1
questioning,1
revealed,1
haggerty's,1
allegations,1
benevolent,1
gesture,1
null,1
void,1
furthermore,1
terminating,1
tolerance,1
policy,1
violence,1
actual,2
bone,1
otherwise,1
settlement,2
emails,1
mostly,1
inquiries,1
batmobile,1
tah,1
dealership,1
sixfour,1
kiss,1
deserved,1
restaurant,2
transfer,1
promotion,2
promotions,2
imagined,1
privately,1
interviewed,1
remains,1
edge,1
progressive,1
beeping,1
modern,1
fax,1
gasps,1
zowie,1
aerial,1
photograph,1
deployed,1
openly,1
conference,1
douche,1
describes,1
writes,1
lolz,1
epic,1
fail,1
gif,1
kelsey,1
grammer,1
laughs,2
clears,1
throat,2
torn,1
send,5
further,1
promosh,1
narks,1
scoffs,2
nark,1
suspect's,1
america,1
gray,1
bluegray,1
encounter,1
manpower,1
sweetlooking,1
underestimate,1
swinging,1
troops,1
travel,1
twos,1
god's,1
news:,1
da's,1
boxes,1
butler,1
mini,1
whaaat,1
forcing,1
trader,1
nonwork,1
texts,1
whiskey,2
cigars,2
included,1
per,1
se,1
vegas,1
slurpie,1
trundle,1
skidmark's,1
roast,1
nicknames,1
skidmark,1
pooped,1
accounts,1
messed,1
turning,1
sirens,1
wailing,1
freeze,1
louder,1
devious,1
resist,1
message,1
gently,1
dings,1
congratulate,1
historically,1
entrenched,1
patriarchy,1
created,2
culture,3
victimshaming,1
suppresses,1
masculophallic,1
documentary,1
netflix,1
feminism,1
benefited,1
beefers,1
inspired,1
cause,1
assignment,1
related,1
testify,1
court,1
condiments,1
spilling,1
counting,1
suicide,1
startled,1
jars,1
fellas,1
tshirt,1
smaller,2
david,21
liked,1
brothers,2
bakes,1
bread,1
cancel,1
fawning,1
equally,1
proudest,1
mantel,6
fireplace,1
piano,2
staircase,1
wack,1
david's,5
gathers,1
piano's,1
plays,1
hype,2
autograph,1
friggin',1
turd,1
highly,1
unorthodox,1
alfonso,9
tucker,1
transferring,1
toxic,1
batch,1
supplier,2
abilities,2
annie,3
hannigan,1
maxwell,5
blaze,4
role,4
flexing,2
creative,1
muscles,2
addition,1
parlor,1
charades,1
elvis,1
presley,1
portrayed,1
auditions,1
compare,1
starts,1
slipping,1
choke,1
heimlich,2
arrived,1
sharing,1
onion,1
climbs,1
ledge,1
oscar,1
cease,1
impress,1
impressive,1
range,1
certification,2
marksmanship,1
platinum,1
exists,1
wantedstyle,1
shots,1
camila,1
youngest,1
children,1
planning,1
mri,1
misdiagnosed,1
bo,1
score,1
rolls,1
chomp,1
recklessly,1
choking,2
emt,1
training,1
script,1
margin,1
superobjective,1
improvise,1
safety,1
net,1
drains,1
horseplay,1
heavy,1
breasts,1
perfectly,2
placed,1
nipples,1
ain't,1
mistress,1
harder,1
dawgs,1
norm,1
gushed,1
saving,1
ovation,1
villain,1
bword,1
tossed,1
rib,1
maniac,1
blows,1
train,1
trainiac,1
folks,1
quantity,1
santiago's,1
deezer,2
always:,1
mousse,1
scary,1
arrested,1
cokehead,1
savage,1
littlefinger,1
blown,1
casting's,1
hardest,1
talent,1
cast,1
unconvincing,1
referring,2
sootcovered,1
urchin,1
dickensian,1
backstory,1
impression,1
director,1
dive,1
possession,2
intent,2
distribute,2
unrelated,1
recent,1
poop,1
hearing,1
pumped,1
explanation,1
teenager,1
cracked,1
effortlessly,1
thrive,1
jealous,3
knowing,1
brazilian,4
mobsters,1
goodlooking,1
giseles,1
addicted,1
constructive,1
bailing,1
flip,1
snitch,2
casting,1
robotic,1
nerd,1
stroke,1
brilliance,1
actor,2
kicked,1
grew,1
abusive,1
rejected,1
admire,1
anger,1
resentment,1
tyrone,7
mccallister,8
expect,1
mcgallagher,1
cleanest,1
singlehandedly,1
dealers,1
medal,1
governor,1
squabbles,1
shells,1
ninja,2
turtles,2
raph,1
regretted,1
abandoned,1
leo,1
technodrome,1
krang,1
killed,1
shrine,1
puke,1
ledger,2
payroll,1
hidden,2
somewhere,2
models,1
portuguese,2
favelas,1
rio,1
fluent,1
shut,1
phrased,1
allergies,2
allergic,2
chia,2
seeds,1
effective,1
acai,1
berries,1
scratchy,1
stone,1
dancer,1
misjudged,1
forearms,1
elbow,1
parts,1
feature,1
post,1
fone,2
smushed,1
dangling,1
lawyer's,1
lawyer,1
quiet,1
pissing,1
aggression,1
boil,1
note:,1
ocean,1
vulnerable,1
brave,1
jittery,1
nefarious,1
lowgrade,1
concussion,1
race,1
reference,1
television,1
competitive,1
grateful,1
panel,1
bribe,1
cabinet,1
girl,3
stunning,1
storm,1
shoot,1
tires,1
brazil,1
clapping,1
clap,1
seconds,1
characters,1
ricki,1
sheetz,1
dj,1
smuggler,1
till,1
leading,1
flawlessly,1
impressed,2
emotion,1
hero,1
model,2
pep,1
deodorant,1
skunk,1
comfort,1
roasted,1
appreciate,1
spanish,1
idiota,1
defending,1
terrifying,1
thanksgiving,1
